"GEO_ID","NAME","B05012_001E","B05012_001M","B05012_002E","B05012_002M","B05012_003E","B05012_003M",
"Geography","Geographic Area Name","Estimate!!Total:","Margin of Error!!Total:","Estimate!!Total:!!Native","Margin of Error!!Total:!!Native","Estimate!!Total:!!Foreign-Born","Margin of Error!!Total:!!Foreign-Born",
"5001600US0101","Congressional District 1 (116th Congress), Alabama","710135","615","688421","1646","21714","1454",
"5001600US0102","Congressional District 2 (116th Congress), Alabama","679684","2213","660191","2421","19493","1136",
"5001600US0103","Congressional District 3 (116th Congress), Alabama","708888","1544","686414","1732","22474","1217",
"5001600US0104","Congressional District 4 (116th Congress), Alabama","684757","1511","658967","1615","25790","1107",
"5001600US0105","Congressional District 5 (116th Congress), Alabama","720362","234","688938","1288","31424","1260",
"5001600US0106","Congressional District 6 (116th Congress), Alabama","704770","2841","672178","2979","32592","1460",
"5001600US0107","Congressional District 7 (116th Congress), Alabama","667654","3703","648194","3634","19460","1352",
"5001600US0200","Congressional District (at Large) (116th Congress), Alaska","737068","*****","679401","1813","57667","1813",
"5001600US0401","Congressional District 1 (116th Congress), Arizona","762575","2754","715035","3305","47540","2149",
"5001600US0402","Congressional District 2 (116th Congress), Arizona","724083","3238","644186","3454","79897","2382",
"5001600US0403","Congressional District 3 (116th Congress), Arizona","776579","5006","612196","5114","164383","3169",
"5001600US0404","Congressional District 4 (116th Congress), Arizona","786254","3738","727603","4001","58651","2510",
"5001600US0405","Congressional District 5 (116th Congress), Arizona","820915","3481","738840","3598","82075","2568",
"5001600US0406","Congressional District 6 (116th Congress), Arizona","792368","4913","681199","4758","111169","4211",
"5001600US0407","Congressional District 7 (116th Congress), Arizona","811872","5738","608523","6245","203349","3957",
"5001600US0408","Congressional District 8 (116th Congress), Arizona","790494","3607","712704","4099","77790","2726",
"5001600US0409","Congressional District 9 (116th Congress), Arizona","785159","5250","669362","5002","115797","3298",
"5001600US0501","Congressional District 1 (116th Congress), Arkansas","721413","673","708045","1149","13368","924",
"5001600US0502","Congressional District 2 (116th Congress), Arkansas","762623","*****","730178","1380","32445","1380",
"5001600US0503","Congressional District 3 (116th Congress), Arkansas","807399","1365","730747","1904","76652","1559",
"5001600US0504","Congressional District 4 (116th Congress), Arkansas","707935","1510","685353","1729","22582","943",
"5001600US0601","Congressional District 1 (116th Congress), California","706834","1530","663233","2477","43601","1656",
"5001600US0602","Congressional District 2 (116th Congress), California","716090","1858","622871","2860","93219","2226",
"5001600US0603","Congressional District 3 (116th Congress), California","742328","1870","601670","3196","140658","2726",
"5001600US0604","Congressional District 4 (116th Congress), California","741894","2025","671665","2447","70229","2005",
"5001600US0605","Congressional District 5 (116th Congress), California","727130","2617","577537","3264","149593","2741",
"5001600US0606","Congressional District 6 (116th Congress), California","760831","3142","583454","3984","177377","3959",
"5001600US0607","Congressional District 7 (116th Congress), California","751400","3265","606972","4091","144428","2830",
"5001600US0608","Congressional District 8 (116th Congress), California","724105","2866","623654","4038","100451","3323",
"5001600US0609","Congressional District 9 (116th Congress), California","768191","2115","597131","3954","171060","3350",
"5001600US0610","Congressional District 10 (116th Congress), California","751622","1159","598476","3027","153146","2818",
"5001600US0611","Congressional District 11 (116th Congress), California","761070","2080","559057","3948","202013","3603",
"5001600US0612","Congressional District 12 (116th Congress), California","762627","2221","511204","2915","251423","2291",
"5001600US0613","Congressional District 13 (116th Congress), California","759834","507","555513","3276","204321","3153",
"5001600US0614","Congressional District 14 (116th Congress), California","753409","2577","469474","3729","283935","3420",
"5001600US0615","Congressional District 15 (116th Congress), California","779710","1749","509169","3107","270541","3177",
"5001600US0616","Congressional District 16 (116th Congress), California","731650","3141","553739","4232","177911","3652",
"5001600US0617","Congressional District 17 (116th Congress), California","779960","2838","395837","3912","384123","3831",
"5001600US0618","Congressional District 18 (116th Congress), California","741968","3704","517621","4091","224347","3855",
"5001600US0619","Congressional District 19 (116th Congress), California","758819","3326","488583","3795","270236","3451",
"5001600US0620","Congressional District 20 (116th Congress), California","737426","1501","546442","3479","190984","3337",
"5001600US0621","Congressional District 21 (116th Congress), California","713144","4105","507485","5270","205659","3664",
"5001600US0622","Congressional District 22 (116th Congress), California","763702","3748","626785","5086","136917","3973",
"5001600US0623","Congressional District 23 (116th Congress), California","743054","4096","638487","3895","104567","2824",
"5001600US0624","Congressional District 24 (116th Congress), California","735979","696","603893","2815","132086","2820",
"5001600US0625","Congressional District 25 (116th Congress), California","714481","3042","573179","3760","141302","3169",
"5001600US0626","Congressional District 26 (116th Congress), California","725558","987","562454","2902","163104","2800",
"5001600US0627","Congressional District 27 (116th Congress), California","714769","2263","437815","3784","276954","3845",
"5001600US0628","Congressional District 28 (116th Congress), California","712362","3753","434332","4247","278030","4129",
"5001600US0629","Congressional District 29 (116th Congress), California","720207","4892","413256","4296","306951","4267",
"5001600US0630","Congressional District 30 (116th Congress), California","767589","5128","512885","5046","254704","4944",
"5001600US0631","Congressional District 31 (116th Congress), California","748362","3453","591114","4464","157248","3477",
"5001600US0632","Congressional District 32 (116th Congress), California","712870","2626","459098","4101","253772","3666",
"5001600US0633","Congressional District 33 (116th Congress), California","711557","3872","549723","4055","161834","2596",
"5001600US0634","Congressional District 34 (116th Congress), California","733639","4422","401429","3284","332210","3230",
"5001600US0635","Congressional District 35 (116th Congress), California","747555","2895","527115","4443","220440","4088",
"5001600US0636","Congressional District 36 (116th Congress), California","748453","2860","588428","4294","160025","3741",
"5001600US0637","Congressional District 37 (116th Congress), California","724598","5530","494044","5047","230554","3735",
"5001600US0638","Congressional District 38 (116th Congress), California","713171","2768","497879","3559","215292","3467",
"5001600US0639","Congressional District 39 (116th Congress), California","728841","2469","489719","3495","239122","3474",
"5001600US0640","Congressional District 40 (116th Congress), California","715562","3319","428642","3458","286920","3587",
"5001600US0641","Congressional District 41 (116th Congress), California","762664","2471","572144","3204","190520","3230",
"5001600US0642","Congressional District 42 (116th Congress), California","809051","3487","654262","4196","154789","3330",
"5001600US0643","Congressional District 43 (116th Congress), California","730307","3993","499360","3870","230947","3912",
"5001600US0644","Congressional District 44 (116th Congress), California","718922","4339","478241","4663","240681","3849",
"5001600US0645","Congressional District 45 (116th Congress), California","779324","2185","549972","3764","229352","3570",
"5001600US0646","Congressional District 46 (116th Congress), California","730435","2910","446265","4241","284170","4434",
"5001600US0647","Congressional District 47 (116th Congress), California","711813","3479","504166","4282","207647","3140",
"5001600US0648","Congressional District 48 (116th Congress), California","723594","2097","547670","3363","175924","3539",
"5001600US0649","Congressional District 49 (116th Congress), California","740198","3606","611447","3786","128751","3121",
"5001600US0650","Congressional District 50 (116th Congress), California","750181","4058","607040","4874","143141","3344",
"5001600US0651","Congressional District 51 (116th Congress), California","731761","4705","487241","5072","244520","3605",
"5001600US0652","Congressional District 52 (116th Congress), California","768293","4330","589522","4589","178771","3569",
"5001600US0653","Congressional District 53 (116th Congress), California","774603","5123","597893","5173","176710","4137",
"5001600US0801","Congressional District 1 (116th Congress), Colorado","832187","1146","718696","3100","113491","2913",
"5001600US0802","Congressional District 2 (116th Congress), Colorado","807266","1552","747355","2057","59911","1824",
"5001600US0803","Congressional District 3 (116th Congress), Colorado","744735","661","699610","1723","45125","1610",
"5001600US0804","Congressional District 4 (116th Congress), Colorado","819625","1395","753046","2649","66579","2271",
"5001600US0805","Congressional District 5 (116th Congress), Colorado","798375","501","746610","2061","51765","1949",
"5001600US0806","Congressional District 6 (116th Congress), Colorado","817676","1900","694388","3301","123288","2948",
"5001600US0807","Congressional District 7 (116th Congress), Colorado","790485","1819","704131","3053","86354","2669",
"5001600US0901","Congressional District 1 (116th Congress), Connecticut","711553","815","602718","2586","108835","2633",
"5001600US0902","Congressional District 2 (116th Congress), Connecticut","702769","260","652389","1425","50380","1414",
"5001600US0903","Congressional District 3 (116th Congress), Connecticut","713930","1397","620052","3463","93878","3120",
"5001600US0904","Congressional District 4 (116th Congress), Connecticut","735686","384","570130","2855","165556","2768",
"5001600US0905","Congressional District 5 (116th Congress), Connecticut","711136","1336","608834","3134","102302","3003",
"5001600US09ZZ","Congressional Districts not defined (116th Congress), Connecticut","null","null","null","null","null","null",
"5001600US1000","Congressional District (at Large) (116th Congress), Delaware","957248","*****","865775","2689","91473","2689",
"5001600US1198","Delegate District (at Large) (116th Congress), District of Columbia","692683","*****","597618","3020","95065","3020",
"5001600US1201","Congressional District 1 (116th Congress), Florida","771279","641","728594","1903","42685","1729",
"5001600US1202","Congressional District 2 (116th Congress), Florida","722465","2513","684379","2979","38086","1504",
"5001600US1203","Congressional District 3 (116th Congress), Florida","738669","2732","682052","3436","56617","2340",
"5001600US1204","Congressional District 4 (116th Congress), Florida","800945","5003","717083","4807","83862","3242",
"5001600US1205","Congressional District 5 (116th Congress), Florida","731618","5389","676865","5529","54753","2745",
"5001600US1206","Congressional District 6 (116th Congress), Florida","767325","2456","705210","3216","62115","2272",
"5001600US1207","Congressional District 7 (116th Congress), Florida","768317","4211","659726","4927","108591","3345",
"5001600US1208","Congressional District 8 (116th Congress), Florida","754594","1145","687700","2573","66894","2577",
"5001600US1209","Congressional District 9 (116th Congress), Florida","869762","5337","720469","6545","149293","4937",
"5001600US1210","Congressional District 10 (116th Congress), Florida","823865","4891","620418","6277","203447","4789",
"5001600US1211","Congressional District 11 (116th Congress), Florida","772901","3141","721404","3593","51497","1897",
"5001600US1212","Congressional District 12 (116th Congress), Florida","772330","2539","690712","3096","81618","2513",
"5001600US1213","Congressional District 13 (116th Congress), Florida","729991","2461","640441","3674","89550","2728",
"5001600US1214","Congressional District 14 (116th Congress), Florida","788251","3800","628144","4005","160107","3857",
"5001600US1215","Congressional District 15 (116th Congress), Florida","789855","5897","689470","6141","100385","3983",
"5001600US1216","Congressional District 16 (116th Congress), Florida","831418","4096","719395","4449","112023","3302",
"5001600US1217","Congressional District 17 (116th Congress), Florida","773684","3075","686917","4147","86767","3058",
"5001600US1218","Congressional District 18 (116th Congress), Florida","771253","2845","650963","4317","120290","3815",
"5001600US1219","Congressional District 19 (116th Congress), Florida","813477","2540","668833","3242","144644","3177",
"5001600US1220","Congressional District 20 (116th Congress), Florida","788175","4375","512308","6292","275867","5716",
"5001600US1221","Congressional District 21 (116th Congress), Florida","772206","2959","559048","5094","213158","4371",
"5001600US1222","Congressional District 22 (116th Congress), Florida","755091","3939","546829","4884","208262","4984",
"5001600US1223","Congressional District 23 (116th Congress), Florida","760118","2182","478443","5209","281675","4896",
"5001600US1224","Congressional District 24 (116th Congress), Florida","746402","5596","422677","5388","323725","5130",
"5001600US1225","Congressional District 25 (116th Congress), Florida","771549","3221","338882","4602","432667","4506",
"5001600US1226","Congressional District 26 (116th Congress), Florida","768910","4632","400243","5074","368667","4918",
"5001600US1227","Congressional District 27 (116th Congress), Florida","747186","3959","339631","4890","407555","5470",
"5001600US1301","Congressional District 1 (116th Congress), Georgia","737087","1066","700223","1897","36864","1666",
"5001600US1302","Congressional District 2 (116th Congress), Georgia","670498","2133","646735","2433","23763","1284",
"5001600US1303","Congressional District 3 (116th Congress), Georgia","735074","2704","696215","2971","38859","1478",
"5001600US1304","Congressional District 4 (116th Congress), Georgia","755681","4298","631731","4913","123950","4066",
"5001600US1305","Congressional District 5 (116th Congress), Georgia","771987","4228","703288","4842","68699","2181",
"5001600US1306","Congressional District 6 (116th Congress), Georgia","750871","3125","588738","3690","162133","3319",
"5001600US1307","Congressional District 7 (116th Congress), Georgia","811492","3723","601535","4790","209957","3884",
"5001600US1308","Congressional District 8 (116th Congress), Georgia","706300","1407","675147","1985","31153","1413",
"5001600US1309","Congressional District 9 (116th Congress), Georgia","747416","1637","687922","2102","59494","1663",
"5001600US1310","Congressional District 10 (116th Congress), Georgia","750524","3898","707348","4406","43176","1972",
"5001600US1311","Congressional District 11 (116th Congress), Georgia","765954","3768","676323","4075","89631","2958",
"5001600US1312","Congressional District 12 (116th Congress), Georgia","724066","1621","691748","1970","32318","1521",
"5001600US1313","Congressional District 13 (116th Congress), Georgia","759765","4959","675411","5209","84354","3004",
"5001600US1314","Congressional District 14 (116th Congress), Georgia","717132","682","667609","1581","49523","1487",
"5001600US1501","Congressional District 1 (116th Congress), Hawaii","710794","2925","547575","4003","163219","3045",
"5001600US1502","Congressional District 2 (116th Congress), Hawaii","711300","2925","612080","4279","99220","2909",
"5001600US1601","Congressional District 1 (116th Congress), Idaho","888809","2068","845060","2624","43749","2094",
"5001600US1602","Congressional District 2 (116th Congress), Idaho","828941","2068","770247","2511","58694","1672",
"5001600US1701","Congressional District 1 (116th Congress), Illinois","704031","5185","649079","5283","54952","2120",
"5001600US1702","Congressional District 2 (116th Congress), Illinois","698741","3823","648542","3955","50199","2020",
"5001600US1703","Congressional District 3 (116th Congress), Illinois","716449","4045","568069","4002","148380","3777",
"5001600US1704","Congressional District 4 (116th Congress), Illinois","692435","5104","464613","5122","227822","4054",
"5001600US1705","Congressional District 5 (116th Congress), Illinois","740867","4382","580005","4458","160862","3542",
"5001600US1706","Congressional District 6 (116th Congress), Illinois","724005","3225","614847","3477","109158","2601",
"5001600US1707","Congressional District 7 (116th Congress), Illinois","720978","5201","620458","5170","100520","3226",
"5001600US1708","Congressional District 8 (116th Congress), Illinois","711775","3299","507932","4303","203843","3900",
"5001600US1709","Congressional District 9 (116th Congress), Illinois","724839","4321","533521","3699","191318","3370",
"5001600US1710","Congressional District 10 (116th Congress), Illinois","710717","2521","535831","3222","174886","3104",
"5001600US1711","Congressional District 11 (116th Congress), Illinois","723342","2557","580853","3656","142489","3470",
"5001600US1712","Congressional District 12 (116th Congress), Illinois","693580","92","675535","984","18045","978",
"5001600US1713","Congressional District 13 (116th Congress), Illinois","701843","2314","664370","2561","37473","1303",
"5001600US1714","Congressional District 14 (116th Congress), Illinois","734105","2577","665724","3413","68381","2164",
"5001600US1715","Congressional District 15 (116th Congress), Illinois","691765","1184","679807","1398","11958","742",
"5001600US1716","Congressional District 16 (116th Congress), Illinois","694781","1542","658094","2140","36687","1410",
"5001600US1717","Congressional District 17 (116th Congress), Illinois","681131","1990","647927","2663","33204","1622",
"5001600US1718","Congressional District 18 (116th Congress), Illinois","705247","2352","678462","2385","26785","1139",
"5001600US17ZZ","Congressional Districts not defined (116th Congress), Illinois","null","null","null","null","null","null",
"5001600US1801","Congressional District 1 (116th Congress), Indiana","714677","409","674115","1668","40562","1568",
"5001600US1802","Congressional District 2 (116th Congress), Indiana","724054","575","683273","1585","40781","1477",
"5001600US1803","Congressional District 3 (116th Congress), Indiana","743000","464","708530","1188","34470","1129",
"5001600US1804","Congressional District 4 (116th Congress), Indiana","756185","790","711617","1797","44568","1478",
"5001600US1805","Congressional District 5 (116th Congress), Indiana","775550","2558","729335","2910","46215","2182",
"5001600US1806","Congressional District 6 (116th Congress), Indiana","719099","399","699517","1185","19582","1061",
"5001600US1807","Congressional District 7 (116th Congress), Indiana","760897","2515","684140","3500","76757","2577",
"5001600US1808","Congressional District 8 (116th Congress), Indiana","719002","295","702143","871","16859","852",
"5001600US1809","Congressional District 9 (116th Congress), Indiana","753239","647","723111","1567","30128","1321",
"5001600US1901","Congressional District 1 (116th Congress), Iowa","772352","*****","741018","1564","31334","1564",
"5001600US1902","Congressional District 2 (116th Congress), Iowa","780574","*****","740581","1489","39993","1489",
"5001600US1903","Congressional District 3 (116th Congress), Iowa","831497","*****","773944","2078","57553","2078",
"5001600US1904","Congressional District 4 (116th Congress), Iowa","755085","*****","717526","1033","37559","1033",
"5001600US2001","Congressional District 1 (116th Congress), Kansas","703509","206","648758","1628","54751","1673",
"5001600US2002","Congressional District 2 (116th Congress), Kansas","715046","559","692056","1267","22990","1101",
"5001600US2003","Congressional District 3 (116th Congress), Kansas","768619","494","688349","2040","80270","1990",
"5001600US2004","Congressional District 4 (116th Congress), Kansas","723478","86","673644","1795","49834","1799",
"5001600US2101","Congressional District 1 (116th Congress), Kentucky","718563","169","705259","961","13304","938",
"5001600US2102","Congressional District 2 (116th Congress), Kentucky","758608","848","732246","1386","26362","1273",
"5001600US2103","Congressional District 3 (116th Congress), Kentucky","744534","730","686289","2222","58245","2176",
"5001600US2104","Congressional District 4 (116th Congress), Kentucky","758440","1144","733895","1704","24545","1276",
"5001600US2105","Congressional District 5 (116th Congress), Kentucky","697180","739","690733","1007","6447","663",
"5001600US2106","Congressional District 6 (116th Congress), Kentucky","771727","719","728651","1782","43076","1627",
"5001600US2201","Congressional District 1 (116th Congress), Louisiana","805517","3497","749114","3957","56403","2135",
"5001600US2202","Congressional District 2 (116th Congress), Louisiana","790750","4215","744101","4230","46649","1969",
"5001600US2203","Congressional District 3 (116th Congress), Louisiana","784883","773","760648","1480","24235","1259",
"5001600US2204","Congressional District 4 (116th Congress), Louisiana","748317","1201","729794","1418","18523","1078",
"5001600US2205","Congressional District 5 (116th Congress), Louisiana","744080","2455","730458","2437","13622","825",
"5001600US2206","Congressional District 6 (116th Congress), Louisiana","790815","4088","756041","4277","34774","1739",
"5001600US2301","Congressional District 1 (116th Congress), Maine","681859","273","652075","1569","29784","1505",
"5001600US2302","Congressional District 2 (116th Congress), Maine","653633","273","635479","1001","18154","945",
"5001600US2401","Congressional District 1 (116th Congress), Maryland","732773","1964","695335","2350","37438","1460",
"5001600US2402","Congressional District 2 (116th Congress), Maryland","764509","4694","672456","5035","92053","3094",
"5001600US2403","Congressional District 3 (116th Congress), Maryland","757053","4887","636142","4503","120911","3177",
"5001600US2404","Congressional District 4 (116th Congress), Maryland","752243","3437","605035","3616","147208","2742",
"5001600US2405","Congressional District 5 (116th Congress), Maryland","762356","3251","670871","3459","91485","2701",
"5001600US2406","Congressional District 6 (116th Congress), Maryland","768933","3403","607503","3611","161430","3098",
"5001600US2407","Congressional District 7 (116th Congress), Maryland","718530","3905","636065","3843","82465","2707",
"5001600US2408","Congressional District 8 (116th Congress), Maryland","762451","3708","582554","3784","179897","3657",
"5001600US2501","Congressional District 1 (116th Congress), Massachusetts","728716","378","674569","2100","54147","2085",
"5001600US2502","Congressional District 2 (116th Congress), Massachusetts","748728","810","656024","2584","92704","2451",
"5001600US2503","Congressional District 3 (116th Congress), Massachusetts","766238","742","625640","3841","140598","3700",
"5001600US2504","Congressional District 4 (116th Congress), Massachusetts","757680","1549","654683","3281","102997","2887",
"5001600US2505","Congressional District 5 (116th Congress), Massachusetts","768212","1258","582328","3973","185884","3761",
"5001600US2506","Congressional District 6 (116th Congress), Massachusetts","770005","525","664525","2647","105480","2616",
"5001600US2507","Congressional District 7 (116th Congress), Massachusetts","802775","3309","544165","4435","258610","4390",
"5001600US2508","Congressional District 8 (116th Congress), Massachusetts","767105","3031","629412","3188","137693","3040",
"5001600US2509","Congressional District 9 (116th Congress), Massachusetts","741094","1076","670298","2511","70796","2468",
"5001600US2601","Congressional District 1 (116th Congress), Michigan","698033","301","684286","767","13747","670",
"5001600US2602","Congressional District 2 (116th Congress), Michigan","739228","526","696703","1710","42525","1624",
"5001600US2603","Congressional District 3 (116th Congress), Michigan","742923","121","700828","1572","42095","1580",
"5001600US2604","Congressional District 4 (116th Congress), Michigan","701512","729","687143","1109","14369","824",
"5001600US2605","Congressional District 5 (116th Congress), Michigan","676131","830","660676","1242","15455","953",
"5001600US2606","Congressional District 6 (116th Congress), Michigan","717930","449","684893","1465","33037","1400",
"5001600US2607","Congressional District 7 (116th Congress), Michigan","705993","437","685988","1199","20005","1121",
"5001600US2608","Congressional District 8 (116th Congress), Michigan","739522","454","679361","1983","60161","2044",
"5001600US2609","Congressional District 9 (116th Congress), Michigan","717778","825","636007","2440","81771","2471",
"5001600US2610","Congressional District 10 (116th Congress), Michigan","718572","907","674863","2058","43709","1939",
"5001600US2611","Congressional District 11 (116th Congress), Michigan","730595","745","625136","2216","105459","2110",
"5001600US2612","Congressional District 12 (116th Congress), Michigan","710371","734","623610","2161","86761","2023",
"5001600US2613","Congressional District 13 (116th Congress), Michigan","675497","3477","622819","4151","52678","2119",
"5001600US2614","Congressional District 14 (116th Congress), Michigan","691180","3348","618755","3750","72425","2157",
"5001600US26ZZ","Congressional Districts not defined (116th Congress), Michigan","null","null","null","null","null","null",
"5001600US2701","Congressional District 1 (116th Congress), Minnesota","675187","304","629642","1463","45545","1429",
"5001600US2702","Congressional District 2 (116th Congress), Minnesota","703966","424","642949","1693","61017","1650",
"5001600US2703","Congressional District 3 (116th Congress), Minnesota","716887","498","629271","2305","87616","2208",
"5001600US2704","Congressional District 4 (116th Congress), Minnesota","711057","357","611016","2546","100041","2473",
"5001600US2705","Congressional District 5 (116th Congress), Minnesota","712914","456","604840","2477","108074","2445",
"5001600US2706","Congressional District 6 (116th Congress), Minnesota","710595","484","674959","1760","35636","1746",
"5001600US2707","Congressional District 7 (116th Congress), Minnesota","666100","493","643467","1161","22633","1051",
"5001600US2708","Congressional District 8 (116th Congress), Minnesota","666672","312","654385","801","12287","708",
"5001600US2801","Congressional District 1 (116th Congress), Mississippi","762562","610","744976","1272","17586","1051",
"5001600US2802","Congressional District 2 (116th Congress), Mississippi","703564","1645","692780","1812","10784","957",
"5001600US2803","Congressional District 3 (116th Congress), Mississippi","748578","1771","729320","2080","19258","1136",
"5001600US2804","Congressional District 4 (116th Congress), Mississippi","769714","387","746873","1371","22841","1352",
"5001600US2901","Congressional District 1 (116th Congress), Missouri","727393","2482","680338","2802","47055","2334",
"5001600US2902","Congressional District 2 (116th Congress), Missouri","764022","3570","706908","3563","57114","2337",
"5001600US2903","Congressional District 3 (116th Congress), Missouri","788763","3129","770282","3357","18481","1212",
"5001600US2904","Congressional District 4 (116th Congress), Missouri","767364","1189","741378","1640","25986","1120",
"5001600US2905","Congressional District 5 (116th Congress), Missouri","768223","2180","720799","2543","47424","1952",
"5001600US2906","Congressional District 6 (116th Congress), Missouri","772869","2225","750042","2607","22827","1259",
"5001600US2907","Congressional District 7 (116th Congress), Missouri","777375","602","751605","1329","25770","1199",
"5001600US2908","Congressional District 8 (116th Congress), Missouri","738901","1533","727839","1757","11062","734",
"5001600US3000","Congressional District (at Large) (116th Congress), Montana","1050649","*****","1027601","1298","23048","1298",
"5001600US3101","Congressional District 1 (116th Congress), Nebraska","644886","868","600016","1441","44870","1305",
"5001600US3102","Congressional District 2 (116th Congress), Nebraska","668413","871","609640","1645","58773","1418",
"5001600US3103","Congressional District 3 (116th Congress), Nebraska","601272","90","567016","1238","34256","1257",
"5001600US3201","Congressional District 1 (116th Congress), Nevada","692355","5080","473324","5243","219031","4086",
"5001600US3202","Congressional District 2 (116th Congress), Nevada","716367","623","629022","1992","87345","1956",
"5001600US3203","Congressional District 3 (116th Congress), Nevada","811145","4114","663086","4502","148059","3742",
"5001600US3204","Congressional District 4 (116th Congress), Nevada","752515","3748","630221","4546","122294","2929",
"5001600US3301","Congressional District 1 (116th Congress), New Hampshire","680153","183","638640","1492","41513","1469",
"5001600US3302","Congressional District 2 (116th Congress), New Hampshire","667971","183","626790","1853","41181","1841",
"5001600US3401","Congressional District 1 (116th Congress), New Jersey","725599","366","655315","2267","70284","2210",
"5001600US3402","Congressional District 2 (116th Congress), New Jersey","714910","830","642291","2069","72619","1825",
"5001600US3403","Congressional District 3 (116th Congress), New Jersey","737334","982","674212","2277","63122","2152",
"5001600US3404","Congressional District 4 (116th Congress), New Jersey","740712","844","650203","2984","90509","2961",
"5001600US3405","Congressional District 5 (116th Congress), New Jersey","736353","764","588479","3015","147874","3018",
"5001600US3406","Congressional District 6 (116th Congress), New Jersey","733994","1022","525218","2753","208776","2603",
"5001600US3407","Congressional District 7 (116th Congress), New Jersey","739089","1104","598518","2769","140571","2830",
"5001600US3408","Congressional District 8 (116th Congress), New Jersey","762459","3146","423318","4244","339141","4068",
"5001600US3409","Congressional District 9 (116th Congress), New Jersey","752451","1099","464355","3875","288096","3857",
"5001600US3410","Congressional District 10 (116th Congress), New Jersey","751853","3154","528445","4809","223408","3985",
"5001600US3411","Congressional District 11 (116th Congress), New Jersey","735094","1201","598500","2984","136594","2893",
"5001600US3412","Congressional District 12 (116th Congress), New Jersey","748655","790","537622","3616","211033","3509",
"5001600US3501","Congressional District 1 (116th Congress), New Mexico","695715","2240","624575","3746","71140","2883",
"5001600US3502","Congressional District 2 (116th Congress), New Mexico","700115","1590","617940","2988","82175","2473",
"5001600US3503","Congressional District 3 (116th Congress), New Mexico","696624","2042","652775","2582","43849","1939",
"5001600US3601","Congressional District 1 (116th Congress), New York","716532","1262","625370","3068","91162","2814",
"5001600US3602","Congressional District 2 (116th Congress), New York","711836","2332","585938","3479","125898","2843",
"5001600US3603","Congressional District 3 (116th Congress), New York","727151","2667","562478","3324","164673","3063",
"5001600US3604","Congressional District 4 (116th Congress), New York","723357","2806","558444","3557","164913","3096",
"5001600US3605","Congressional District 5 (116th Congress), New York","771094","5640","441628","5652","329466","4995",
"5001600US3606","Congressional District 6 (116th Congress), New York","729469","4925","356637","4139","372832","4615",
"5001600US3607","Congressional District 7 (116th Congress), New York","730822","6104","476014","5361","254808","4371",
"5001600US3608","Congressional District 8 (116th Congress), New York","772576","6071","519183","5383","253393","3667",
"5001600US3609","Congressional District 9 (116th Congress), New York","726825","5401","442799","5408","284026","3871",
"5001600US3610","Congressional District 10 (116th Congress), New York","731480","5498","502867","5335","228613","3983",
"5001600US3611","Congressional District 11 (116th Congress), New York","730637","3302","507560","4055","223077","3606",
"5001600US3612","Congressional District 12 (116th Congress), New York","721821","5803","530471","5758","191350","4466",
"5001600US3613","Congressional District 13 (116th Congress), New York","767710","6371","492575","6110","275135","5373",
"5001600US3614","Congressional District 14 (116th Congress), New York","694613","6120","377904","5637","316709","4422",
"5001600US3615","Congressional District 15 (116th Congress), New York","744473","5246","475141","5635","269332","4432",
"5001600US3616","Congressional District 16 (116th Congress), New York","744267","4236","517897","5064","226370","4429",
"5001600US3617","Congressional District 17 (116th Congress), New York","739314","793","569563","3392","169751","3193",
"5001600US3618","Congressional District 18 (116th Congress), New York","722792","823","637141","2470","85651","2436",
"5001600US3619","Congressional District 19 (116th Congress), New York","698759","879","653070","1728","45689","1439",
"5001600US3620","Congressional District 20 (116th Congress), New York","725988","961","657028","2054","68960","1783",
"5001600US3621","Congressional District 21 (116th Congress), New York","703073","627","680519","999","22554","942",
"5001600US3622","Congressional District 22 (116th Congress), New York","696141","613","659408","1382","36733","1272",
"5001600US3623","Congressional District 23 (116th Congress), New York","695215","417","666517","1199","28698","1119",
"5001600US3624","Congressional District 24 (116th Congress), New York","704757","184","661450","1474","43307","1484",
"5001600US3625","Congressional District 25 (116th Congress), New York","716736","164","652698","2013","64038","2001",
"5001600US3626","Congressional District 26 (116th Congress), New York","709541","657","650564","2275","58977","2030",
"5001600US3627","Congressional District 27 (116th Congress), New York","715340","712","691809","1302","23531","1020",
"5001600US3701","Congressional District 1 (116th Congress), North Carolina","755156","2619","698491","3095","56665","2183",
"5001600US3702","Congressional District 2 (116th Congress), North Carolina","840465","3609","780434","3930","60031","2161",
"5001600US3703","Congressional District 3 (116th Congress), North Carolina","756531","1806","725477","2476","31054","1521",
"5001600US3704","Congressional District 4 (116th Congress), North Carolina","857571","2873","721576","4144","135995","2951",
"5001600US3705","Congressional District 5 (116th Congress), North Carolina","756559","826","708901","1433","47658","1281",
"5001600US3706","Congressional District 6 (116th Congress), North Carolina","768774","2360","714718","2794","54056","1739",
"5001600US3707","Congressional District 7 (116th Congress), North Carolina","795777","1876","746558","2267","49219","1743",
"5001600US3708","Congressional District 8 (116th Congress), North Carolina","788902","1795","737099","2224","51803","1756",
"5001600US3709","Congressional District 9 (116th Congress), North Carolina","783780","2864","724406","2803","59374","1789",
"5001600US3710","Congressional District 10 (116th Congress), North Carolina","760336","2061","722858","2409","37478","1673",
"5001600US3711","Congressional District 11 (116th Congress), North Carolina","758083","1628","722569","2226","35514","1679",
"5001600US3712","Congressional District 12 (116th Congress), North Carolina","865614","2258","724805","3077","140809","2738",
"5001600US3713","Congressional District 13 (116th Congress), North Carolina","777328","2671","714220","2873","63108","2223",
"5001600US3800","Congressional District (at Large) (116th Congress), North Dakota","756717","*****","725923","1388","30794","1388",
"5001600US3901","Congressional District 1 (116th Congress), Ohio","742004","1997","695900","2909","46104","2010",
"5001600US3902","Congressional District 2 (116th Congress), Ohio","728713","2234","706673","2555","22040","1345",
"5001600US3903","Congressional District 3 (116th Congress), Ohio","790144","3147","694382","4299","95762","3313",
"5001600US3904","Congressional District 4 (116th Congress), Ohio","710991","950","697133","1384","13858","968",
"5001600US3905","Congressional District 5 (116th Congress), Ohio","722911","1442","702469","1851","20442","1249",
"5001600US3906","Congressional District 6 (116th Congress), Ohio","696108","901","688649","1025","7459","565",
"5001600US3907","Congressional District 7 (116th Congress), Ohio","727518","1571","714270","1703","13248","1067",
"5001600US3908","Congressional District 8 (116th Congress), Ohio","729572","320","700456","1272","29116","1228",
"5001600US3909","Congressional District 9 (116th Congress), Ohio","706921","2391","673079","2907","33842","1778",
"5001600US3910","Congressional District 10 (116th Congress), Ohio","722027","350","687198","1437","34829","1368",
"5001600US3911","Congressional District 11 (116th Congress), Ohio","689571","2774","651404","3014","38167","1708",
"5001600US3912","Congressional District 12 (116th Congress), Ohio","781470","2529","735095","3064","46375","2016",
"5001600US3913","Congressional District 13 (116th Congress), Ohio","708540","2212","683094","2475","25446","1577",
"5001600US3914","Congressional District 14 (116th Congress), Ohio","716938","815","680586","1818","36352","1555",
"5001600US3915","Congressional District 15 (116th Congress), Ohio","761678","2727","730025","3019","31653","1584",
"5001600US3916","Congressional District 16 (116th Congress), Ohio","720291","1527","679932","2158","40359","1655",
"5001600US4001","Congressional District 1 (116th Congress), Oklahoma","801857","674","738145","1486","63712","1351",
"5001600US4002","Congressional District 2 (116th Congress), Oklahoma","748847","456","732333","794","16514","599",
"5001600US4003","Congressional District 3 (116th Congress), Oklahoma","778159","457","738097","1509","40062","1488",
"5001600US4004","Congressional District 4 (116th Congress), Oklahoma","786723","1272","751203","1750","35520","1271",
"5001600US4005","Congressional District 5 (116th Congress), Oklahoma","817284","1270","736723","2335","80561","1815",
"5001600US4101","Congressional District 1 (116th Congress), Oregon","842952","1268","720557","2333","122395","2140",
"5001600US4102","Congressional District 2 (116th Congress), Oregon","817793","1035","767073","1928","50720","1761",
"5001600US4103","Congressional District 3 (116th Congress), Oregon","837545","1804","726136","2837","111409","2408",
"5001600US4104","Congressional District 4 (116th Congress), Oregon","803194","1213","760644","1890","42550","1655",
"5001600US4105","Congressional District 5 (116th Congress), Oregon","828319","1515","747750","2486","80569","2039",
"5001600US4201","Congressional District 1 (116th Congress), Pennsylvania","709812","535","635045","2200","74767","2138",
"5001600US4202","Congressional District 2 (116th Congress), Pennsylvania","737498","5137","605211","6326","132287","4253",
"5001600US4203","Congressional District 3 (116th Congress), Pennsylvania","722876","5150","655241","4950","67635","2512",
"5001600US4204","Congressional District 4 (116th Congress), Pennsylvania","726966","829","656017","2223","70949","2241",
"5001600US4205","Congressional District 5 (116th Congress), Pennsylvania","716440","3062","630318","3356","86122","2498",
"5001600US4206","Congressional District 6 (116th Congress), Pennsylvania","728613","534","655036","1948","73577","1789",
"5001600US4207","Congressional District 7 (116th Congress), Pennsylvania","726011","524","654188","2480","71823","2479",
"5001600US4208","Congressional District 8 (116th Congress), Pennsylvania","694123","637","645194","1608","48929","1472",
"5001600US4209","Congressional District 9 (116th Congress), Pennsylvania","705270","709","683609","1354","21661","1199",
"5001600US4210","Congressional District 10 (116th Congress), Pennsylvania","731136","972","681699","2425","49437","2264",
"5001600US4211","Congressional District 11 (116th Congress), Pennsylvania","732060","879","700563","1620","31497","1383",
"5001600US4212","Congressional District 12 (116th Congress), Pennsylvania","699352","397","678037","1136","21315","1088",
"5001600US4213","Congressional District 13 (116th Congress), Pennsylvania","697483","881","681948","1210","15535","857",
"5001600US4214","Congressional District 14 (116th Congress), Pennsylvania","687897","575","676469","967","11428","715",
"5001600US4215","Congressional District 15 (116th Congress), Pennsylvania","680881","715","670751","1113","10130","841",
"5001600US4216","Congressional District 16 (116th Congress), Pennsylvania","687946","591","669389","1252","18557","1180",
"5001600US4217","Congressional District 17 (116th Congress), Pennsylvania","711092","1006","677728","1547","33364","1482",
"5001600US4218","Congressional District 18 (116th Congress), Pennsylvania","696074","880","652737","1679","43337","1465",
"5001600US4401","Congressional District 1 (116th Congress), Rhode Island","533730","1978","443314","2423","90416","2453",
"5001600US4402","Congressional District 2 (116th Congress), Rhode Island","523501","1978","470199","2040","53302","1964",
"5001600US4501","Congressional District 1 (116th Congress), South Carolina","785395","2900","737938","3318","47457","1678",
"5001600US4502","Congressional District 2 (116th Congress), South Carolina","714742","3132","678864","3372","35878","1595",
"5001600US4503","Congressional District 3 (116th Congress), South Carolina","693354","2251","667080","2348","26274","1601",
"5001600US4504","Congressional District 4 (116th Congress), South Carolina","727293","2528","669568","2502","57725","1849",
"5001600US4505","Congressional District 5 (116th Congress), South Carolina","717411","1829","689713","2004","27698","1399",
"5001600US4506","Congressional District 6 (116th Congress), South Carolina","662643","4654","635170","4866","27473","1488",
"5001600US4507","Congressional District 7 (116th Congress), South Carolina","719968","797","689859","1613","30109","1315",
"5001600US4600","Congressional District (at Large) (116th Congress), South Dakota","870638","*****","838627","1337","32011","1337",
"5001600US4701","Congressional District 1 (116th Congress), Tennessee","716773","601","695979","1249","20794","1000",
"5001600US4702","Congressional District 2 (116th Congress), Tennessee","746435","857","714085","1599","32350","1348",
"5001600US4703","Congressional District 3 (116th Congress), Tennessee","730736","1090","703716","1641","27020","1215",
"5001600US4704","Congressional District 4 (116th Congress), Tennessee","784717","1548","743026","2221","41691","1713",
"5001600US4705","Congressional District 5 (116th Congress), Tennessee","769198","584","677947","2110","91251","2040",
"5001600US4706","Congressional District 6 (116th Congress), Tennessee","773038","561","744936","1509","28102","1450",
"5001600US4707","Congressional District 7 (116th Congress), Tennessee","776612","1071","744599","1610","32013","1450",
"5001600US4708","Congressional District 8 (116th Congress), Tennessee","708466","2639","681859","2787","26607","1319",
"5001600US4709","Congressional District 9 (116th Congress), Tennessee","703381","2651","659047","3070","44334","2231",
"5001600US4801","Congressional District 1 (116th Congress), Texas","719958","1214","666223","1787","53735","1541",
"5001600US4802","Congressional District 2 (116th Congress), Texas","794851","6986","631184","6024","163667","3823",
"5001600US4803","Congressional District 3 (116th Congress), Texas","867470","1659","676376","3708","191094","3049",
"5001600US4804","Congressional District 4 (116th Congress), Texas","751164","1785","701446","2394","49718","1949",
"5001600US4805","Congressional District 5 (116th Congress), Texas","751567","3128","640845","3635","110722","3093",
"5001600US4806","Congressional District 6 (116th Congress), Texas","785330","3764","680767","5395","104563","3648",
"5001600US4807","Congressional District 7 (116th Congress), Texas","787830","7612","550099","6669","237731","4694",
"5001600US4808","Congressional District 8 (116th Congress), Texas","858427","4080","749210","4744","109217","3742",
"5001600US4809","Congressional District 9 (116th Congress), Texas","782123","8110","511825","7563","270298","5347",
"5001600US4810","Congressional District 10 (116th Congress), Texas","875936","8224","724610","6493","151326","4807",
"5001600US4811","Congressional District 11 (116th Congress), Texas","772210","1287","699937","2600","72273","2614",
"5001600US4812","Congressional District 12 (116th Congress), Texas","811608","4824","726491","5583","85117","3333",
"5001600US4813","Congressional District 13 (116th Congress), Texas","710097","945","642439","2483","67658","2159",
"5001600US4814","Congressional District 14 (116th Congress), Texas","751606","3377","671491","4161","80115","2777",
"5001600US4815","Congressional District 15 (116th Congress), Texas","786367","4323","611643","4597","174724","3836",
"5001600US4816","Congressional District 16 (116th Congress), Texas","737398","1867","568435","3580","168963","2895",
"5001600US4817","Congressional District 17 (116th Congress), Texas","771317","3546","679361","3476","91956","2824",
"5001600US4818","Congressional District 18 (116th Congress), Texas","778625","7577","605928","7372","172697","4814",
"5001600US4819","Congressional District 19 (116th Congress), Texas","727765","525","668602","1988","59163","1985",
"5001600US4820","Congressional District 20 (116th Congress), Texas","809092","4982","688721","5331","120371","3613",
"5001600US4821","Congressional District 21 (116th Congress), Texas","810719","4915","728546","5122","82173","3345",
"5001600US4822","Congressional District 22 (116th Congress), Texas","911440","6090","679016","6254","232424","4771",
"5001600US4823","Congressional District 23 (116th Congress), Texas","769173","4065","641525","4916","127648","3167",
"5001600US4824","Congressional District 24 (116th Congress), Texas","802353","3447","603470","4078","198883","3714",
"5001600US4825","Congressional District 25 (116th Congress), Texas","783085","4549","721675","4274","61410","2186",
"5001600US4826","Congressional District 26 (116th Congress), Texas","874507","4308","759547","5236","114960","3307",
"5001600US4827","Congressional District 27 (116th Congress), Texas","740124","2022","673744","2896","66380","2460",
"5001600US4828","Congressional District 28 (116th Congress), Texas","750087","4324","594261","5049","155826","3478",
"5001600US4829","Congressional District 29 (116th Congress), Texas","745825","5686","501731","5510","244094","4510",
"5001600US4830","Congressional District 30 (116th Congress), Texas","782114","4427","642860","4012","139254","3650",
"5001600US4831","Congressional District 31 (116th Congress), Texas","856506","2179","761760","3868","94746","3186",
"5001600US4832","Congressional District 32 (116th Congress), Texas","774063","4220","602213","4254","171850","3938",
"5001600US4833","Congressional District 33 (116th Congress), Texas","739374","6803","496774","5659","242600","4550",
"5001600US4834","Congressional District 34 (116th Congress), Texas","721500","2690","585843","3649","135657","2924",
"5001600US4835","Congressional District 35 (116th Congress), Texas","825790","5448","692836","6346","132954","4021",
"5001600US4836","Congressional District 36 (116th Congress), Texas","743455","3926","664784","4631","78671","3418",
"5001600US4901","Congressional District 1 (116th Congress), Utah","762720","396","719888","1471","42832","1432",
"5001600US4902","Congressional District 2 (116th Congress), Utah","766444","2112","691955","2536","74489","2217",
"5001600US4903","Congressional District 3 (116th Congress), Utah","761759","1697","705573","2101","56186","1694",
"5001600US4904","Congressional District 4 (116th Congress), Utah","805925","2549","717581","3363","88344","3049",
"5001600US5000","Congressional District (at Large) (116th Congress), Vermont","624313","*****","594985","1079","29328","1079",
"5001600US5101","Congressional District 1 (116th Congress), Virginia","793627","2582","722480","2851","71147","2079",
"5001600US5102","Congressional District 2 (116th Congress), Virginia","738524","2032","674459","2925","64065","2219",
"5001600US5103","Congressional District 3 (116th Congress), Virginia","739947","2990","698373","3269","41574","1826",
"5001600US5104","Congressional District 4 (116th Congress), Virginia","770323","3343","730450","3352","39873","1566",
"5001600US5105","Congressional District 5 (116th Congress), Virginia","735069","1329","701886","1866","33183","1255",
"5001600US5106","Congressional District 6 (116th Congress), Virginia","753338","1102","712206","1958","41132","1718",
"5001600US5107","Congressional District 7 (116th Congress), Virginia","785194","2745","707691","3168","77503","2350",
"5001600US5108","Congressional District 8 (116th Congress), Virginia","798227","2777","566774","4360","231453","4239",
"5001600US5109","Congressional District 9 (116th Congress), Virginia","707798","986","689451","1407","18347","1087",
"5001600US5110","Congressional District 10 (116th Congress), Virginia","838538","2312","656365","3065","182173","2668",
"5001600US5111","Congressional District 11 (116th Congress), Virginia","793878","3999","542769","4259","251109","3518",
"5001600US5301","Congressional District 1 (116th Congress), Washington","754006","3074","624995","3850","129011","3352",
"5001600US5302","Congressional District 2 (116th Congress), Washington","741822","2811","632136","3447","109686","2425",
"5001600US5303","Congressional District 3 (116th Congress), Washington","730720","862","667626","2082","63094","1924",
"5001600US5304","Congressional District 4 (116th Congress), Washington","725467","851","605564","2541","119903","2395",
"5001600US5305","Congressional District 5 (116th Congress), Washington","714669","619","672887","2024","41782","1996",
"5001600US5306","Congressional District 6 (116th Congress), Washington","709226","2518","661647","2778","47579","1686",
"5001600US5307","Congressional District 7 (116th Congress), Washington","782676","2989","646546","3811","136130","2895",
"5001600US5308","Congressional District 8 (116th Congress), Washington","751143","3648","643590","4411","107553","3517",
"5001600US5309","Congressional District 9 (116th Congress), Washington","746443","3625","521357","4141","225086","3684",
"5001600US5310","Congressional District 10 (116th Congress), Washington","747935","3099","671225","3454","76710","2103",
"5001600US5401","Congressional District 1 (116th Congress), West Virginia","611109","*****","599690","977","11419","977",
"5001600US5402","Congressional District 2 (116th Congress), West Virginia","622065","*****","608945","1072","13120","1072",
"5001600US5403","Congressional District 3 (116th Congress), West Virginia","584131","*****","578499","505","5632","505",
"5001600US5501","Congressional District 1 (116th Congress), Wisconsin","718226","846","679629","2043","38597","1883",
"5001600US5502","Congressional District 2 (116th Congress), Wisconsin","762159","515","706188","1794","55971","1754",
"5001600US5503","Congressional District 3 (116th Congress), Wisconsin","721298","681","701398","1148","19900","902",
"5001600US5504","Congressional District 4 (116th Congress), Wisconsin","710311","339","640435","2313","69876","2306",
"5001600US5505","Congressional District 5 (116th Congress), Wisconsin","725071","873","690089","1600","34982","1248",
"5001600US5506","Congressional District 6 (116th Congress), Wisconsin","713539","606","686857","1100","26682","951",
"5001600US5507","Congressional District 7 (116th Congress), Wisconsin","709130","661","693029","1032","16101","710",
"5001600US5508","Congressional District 8 (116th Congress), Wisconsin","730982","229","703369","1270","27613","1256",
"5001600US5600","Congressional District (at Large) (116th Congress), Wyoming","581024","*****","561042","1184","19982","1184",
"5001600US7298","Resident Commissioner District (at Large) (116th Congress), Puerto Rico","null","null","null","null","null","null",
